Time,LeftPupilDiameter,RightPupilDiameter
0,6.451362,5.931619
9.994384765625,6.448618,5.929289
19.9991455078125,6.445851,5.918814
30.0037841796875,6.442632,5.909711
40.00830078125,6.438754,6.027192
50.0128173828125,6.435473,6.034266
60.017333984375,6.432566,6.096849
70.0218505859375,6.429818,5.891376
80.0203857421875,6.426728,5.882839
90.0135498046875,6.424539,5.877517
100.017944335938,6.422058,5.871483
110.0224609375,6.419536,5.868461
120.026977539063,6.41757,5.864577
130.03125,6.414288,5.863003
140.03564453125,6.411125,5.862844
150.0400390625,6.409108,5.862886
160.044189453125,6.407598,5.863069
170.036865234375,6.406495,5.863406
180.041137695313,6.405796,5.863932
190.045532226563,6.402734,5.864149
200.049926757813,6.400839,5.861823
210.054077148438,6.400291,5.860736
220.058349609375,6.400189,5.859603
230.0625,6.400031,5.857551
240.066650390625,6.399919,5.855878
250.064697265625,6.399901,5.854616
260.068969726563,6.399661,5.852534
270.0732421875,6.39953,5.849579
280.077514648438,6.399426,5.846475
290.081665039063,6.399243,5.844814
300.085693359375,6.398864,5.843941
310.08984375,6.398413,5.843293
320.09375,6.39816,5.84264
330.091674804688,6.398129,5.842864
340.095947265625,6.398121,5.843623
350.100219726563,6.397771,5.844417
360.104370117188,6.397476,5.845509
370.108520507813,6.396796,5.845965
380.112426757813,6.396022,5.845998
390.116455078125,6.395068,5.846211
400.120239257813,6.394167,5.846724
410.117309570313,6.393334,5.847441
420.12158203125,6.392826,5.849478
430.125610351563,6.392554,5.850557
440.129760742188,6.392368,5.851893
450.133666992188,6.392298,5.85334
460.137451171875,6.391167,5.854888
470.14111328125,6.389781,5.856523
480.144897460938,6.389184,5.8577
490.140991210938,6.387599,5.859376
500.145141601563,6.386091,5.862347
510.149047851563,6.384756,5.86466
520.153076171875,6.384217,5.866107
530.156982421875,6.383974,5.867029
540.160766601563,6.383864,5.867279
550.164306640625,6.383733,5.867341
560.16796875,6.383156,5.867387
570.163818359375,6.381617,5.86751
580.167724609375,6.380459,5.86751
590.171875,6.380089,5.867652
600.17578125,6.379934,5.86784
610.1796875,6.379926,5.868339
620.183227539063,6.379968,5.869229
630.186645507813,6.380141,5.870175
640.190307617188,6.380218,5.871379
650.193969726563,6.380224,5.871817
660.197998046875,6.380513,5.87147
670.202026367188,6.380663,5.871103
680.2060546875,6.380872,5.869664
690.2099609375,6.381217,5.86798
700.213500976563,6.38183,5.866342
710.216918945313,6.383074,5.865457
720.220336914063,6.384808,5.865589
730.224243164063,6.386671,5.866272
740.228149414063,6.387829,5.866618
750.232055664063,6.388939,5.866271
760.235961914063,6.390183,5.865558
770.239868164063,6.391122,5.864577
780.243286132813,6.391673,5.860078
790.246459960938,6.392099,5.856006
800.249633789063,6.392439,5.854411
810.253173828125,6.392833,5.853873
820.2568359375,6.394225,5.853324
830.2607421875,6.396039,5.852551
840.264404296875,6.397836,5.851273
850.26806640625,6.399824,5.850886
860.271484375,6.401054,5.850592
870.274536132813,6.40194,5.850245
880.277587890625,6.402215,5.847914
890.281005859375,6.40215,5.846366
900.288208007813,6.400826,5.844901
910.291748046875,6.395518,5.832255
920.295532226563,6.376427,5.821831
930.299072265625,6.328542,5.805172
940.30224609375,6.278793,5.851158
950.30517578125,6.21947,5.799344
960.308227539063,6.182189,5.788094
970.311279296875,6.13285,5.683194
980.314819335938,6.130255,5.650702
990.318237304688,6.127093,5.631583
1000.32177734375,6.098408,5.594624
1010.32531738281,6.046793,5.560918
1020.32836914063,6.000574,5.541102
1030.3310546875,5.969183,6.073105
1040.33386230469,5.932506,6.064931
1050.33679199219,5.894205,6.036959
1060.34033203125,5.855884,6.003495
1070.34375,5.829214,5.927373
1080.34704589844,5.806839,5.912572
1090.3505859375,5.783804,5.891974
1100.35363769531,5.762251,5.835445
1110.35632324219,5.741276,5.781547
1120.36242675781,5.721384,5.765285
1130.365234375,5.705495,5.751915
1140.36853027344,5.690216,5.750322
1150.37548828125,5.669281,5.736851
1160.37878417969,5.654171,5.719199
1170.38232421875,5.635128,5.702232
1180.38525390625,5.622393,5.68777
1190.38781738281,5.610341,5.679748
1200.39379882813,5.593388,5.672208
1210.396484375,5.579909,5.741213
1220.39965820313,5.567493,5.71603
1230.40307617188,5.554918,5.700335
1240.40637207031,5.547873,5.682309
1250.40954589844,5.543292,5.673336
1260.41247558594,5.532431,5.651142
1270.4150390625,5.525204,5.636239
1280.42077636719,5.516964,5.690604
1290.42321777344,5.510283,5.689182
1300.42626953125,5.505523,5.665396
1310.42956542969,5.501652,5.648439
1320.4326171875,5.499805,5.637584
1330.43579101563,5.499632,5.634827
1340.43859863281,5.499783,5.63401
1350.44104003906,5.500699,5.634371
1360.44665527344,5.50425,5.629834
1370.45239257813,5.508256,5.633152
1380.45520019531,5.51159,5.656201
1390.45849609375,5.522017,5.688997
1400.46154785156,5.603405,5.670678
1410.46447753906,5.588187,5.80826
1420.46728515625,5.531651,5.823052
1430.46960449219,5.539186,5.84786
1440.47509765625,5.557955,5.84683
1450.48071289063,5.575024,5.839569
1460.4833984375,5.59138,5.836287
1470.48999023438,5.612664,5.832398
1480.49291992188,5.627633,5.83271
1490.49584960938,5.640256,5.833711
1500.49853515625,5.65205,5.833955
1510.50073242188,5.663011,5.836296
1520.50952148438,5.676295,5.839689
1530.51489257813,5.695426,5.846799
1540.51745605469,5.713144,5.851241
1550.52026367188,5.721304,5.855319
1560.52307128906,5.734148,5.866615
1570.52587890625,5.75744,5.884855
1580.52856445313,5.772338,5.906157
1590.53063964844,5.790086,5.916343
1600.53930664063,5.810494,5.928147
1610.54455566406,5.832022,5.938037
1620.546875,5.846887,5.943973
1630.54956054688,5.861796,5.937419
1640.55236816406,5.931105,5.93665
1650.55517578125,5.982998,6.137467
1660.55773925781,6.023404,6.101023
1690.57348632813,5.925091,6.044952
1700.57556152344,5.93873,6.053984
1710.58166503906,5.940886,6.05897
1720.58435058594,5.940979,6.061929
1730.58715820313,5.942762,6.063278
1740.58972167969,5.947769,6.064239
1750.591796875,5.957471,6.068845
1760.60021972656,5.967404,6.072752
1770.60522460938,5.974334,6.077525
1780.60729980469,5.978505,6.082935
1790.60986328125,5.981905,6.085086
1800.61254882813,5.987264,6.08994
1810.615234375,5.993186,6.096001
1820.61767578125,6.002306,6.113676
1830.61962890625,6.012888,6.123397
1840.6279296875,6.022863,6.130689
1850.6328125,6.031101,6.140789
1860.63439941406,6.041712,6.157994
1870.63671875,6.052743,6.168756
1880.64282226563,6.062417,6.171374
1890.64526367188,6.067929,6.171677
1900.64770507813,6.075812,6.169849
1910.64965820313,6.092101,6.290473
1920.65783691406,6.134386,5.723995
1950.66638183594,6.135748,6.187779
1960.6689453125,6.125164,6.181308
1970.67138671875,6.104528,6.152555
1980.67370605469,6.086179,6.122023
1990.67895507813,6.068827,6.084136
2000.68713378906,6.0519,6.063424
2010.69165039063,6.03621,6.04247
2020.69311523438,6.021011,6.026958
2030.69494628906,6.010264,6.01409
2040.697265625,5.999111,6.002906
2050.69970703125,5.99159,5.992292
2060.70202636719,5.987156,5.980205
2070.70715332031,5.981896,5.972434
2080.71520996094,5.968858,5.969832
2090.7197265625,5.954677,5.969607
2100.72106933594,5.947022,5.962672
2110.72302246094,5.941124,5.962237
2120.72534179688,5.938109,5.961804
2130.72778320313,5.935133,5.959315
2140.73010253906,5.932974,5.958488
2150.7353515625,5.931556,5.959404
2160.74340820313,5.928794,5.961431
2170.74755859375,5.929314,5.962509
2180.74890136719,5.930098,5.963241
2190.75048828125,5.930564,5.965438
2200.75268554688,5.932738,5.969495
2210.75512695313,5.941781,5.974188
2220.75732421875,5.961178,5.978375
2230.76245117188,5.972144,5.991073
2240.77038574219,5.982038,6.000156
2250.77465820313,5.988573,6.008545
2260.77563476563,5.997387,6.02661
2270.77722167969,6.012888,6.04581
2280.78283691406,6.027461,6.065416
2290.78479003906,6.044705,6.081983
2300.78698730469,6.057869,6.087681
2310.7919921875,6.064273,6.096797
2320.79992675781,6.070349,6.105883
2330.80725097656,6.079524,6.110531
2340.80798339844,6.087285,6.1285
2350.80944824219,6.097377,6.151227
2360.81115722656,6.106833,6.175317
2370.81323242188,6.129797,6.1862
2380.81518554688,6.145715,6.192268
2390.82348632813,6.154776,6.206904
2400.83129882813,6.158399,6.219789
2410.83850097656,6.16449,6.236864
2420.83911132813,6.177308,6.240627
2430.84020996094,6.193403,6.242779
2440.84191894531,6.206161,6.24548
2450.84387207031,6.217427,6.252991
2460.84582519531,6.222652,6.26088
2470.85412597656,6.228792,6.268762
2480.86181640625,6.239278,6.278836
2490.86877441406,6.250048,6.292049
2500.86926269531,6.258325,6.299518
2510.87036132813,6.270122,6.304749
2520.87182617188,6.327495,6.43363
2530.87365722656,6.563678,6.384765
2540.87548828125,6.124612,6.418749
2550.88366699219,6.445782,6.347069
2560.89123535156,6.451241,6.345502
2570.89819335938,6.442991,6.470221
2580.89855957031,6.456596,6.301785
2590.8994140625,6.466416,6.290599
2620.90417480469,6.446605,6.031476
2630.91235351563,6.441013,6.016571
2640.919921875,6.436988,5.94307
2650.92687988281,6.437779,5.983956
2660.92700195313,6.439827,6.004552
2670.92785644531,6.445854,6.005179
2680.92907714844,6.448162,5.999641
2690.93078613281,6.45136,5.996559
2700.93237304688,6.451121,5.997375
2710.94067382813,6.453083,6.005518
2720.94812011719,6.454745,6.077492
2730.955078125,6.455484,6.098793
2740.955078125,6.455974,6.103138
2750.95556640625,6.458075,6.106938
2760.95666503906,6.460715,6.115462
2770.9580078125,6.462121,6.126325
2780.96301269531,6.461737,5.982154
2790.9912109375,6.460417,5.972444
2800.99865722656,6.460995,5.96677
2811.00537109375,6.461284,5.955961
2821.00524902344,6.460798,5.946992
2831.00561523438,6.458917,5.94205
2841.00659179688,6.453517,5.927518
2851.01135253906,6.441972,6.059184
2861.01635742188,6.429742,6.055224
2871.02429199219,6.420928,6.043913
2881.03173828125,6.415531,6.036766
2891.03857421875,6.409444,6.030671
2901.03820800781,6.400115,5.972101
2941.04479980469,6.403752,6.221765
2951.052734375,5.914939,5.903969
2961.06005859375,6.244156,6.97695
2971.06665039063,6.444366,6.67508
2981.06628417969,6.431069,6.185347
2991.06628417969,6.284223,5.473875
3001.06689453125,6.261517,5.658285
3011.06799316406,6.244603,6.547055
3041.087890625,6.178046,6.25291
3051.09460449219,6.147039,6.240926
3061.09411621094,6.124425,6.253525
3071.09399414063,6.126711,6.248897
3081.09436035156,6.132131,6.236271
3091.09509277344,6.126565,6.234094
3101.10327148438,6.125998,6.231042
3111.11108398438,6.124414,6.228342
3121.11828613281,6.116504,6.203176
3131.12475585938,6.118353,6.20793
3141.12414550781,6.16277,6.230933
3151.12377929688,6.189706,6.254136
3161.1240234375,6.249362,6.261489
3171.12475585938,6.269726,6.255602
3181.12939453125,6.33793,6.254483
3191.13708496094,6.323441,6.277987
3201.14428710938,6.263134,6.313178
3211.15075683594,6.264956,6.33824
3221.14990234375,6.272378,6.359884
3231.1494140625,6.296405,6.359919
3241.1494140625,6.275983,6.36087
3251.14990234375,6.266101,6.332776
3261.15783691406,6.268256,6.333735
3271.16552734375,6.32018,6.33903
3281.17260742188,6.309959,6.341728
3291.17907714844,6.316256,6.34215
3301.181640625,6.31643,6.344948
3311.18103027344,6.31572,6.349424
3321.18090820313,6.315059,6.351295
3331.18127441406,6.312358,6.351898
3341.18920898438,6.437315,6.456045
3351.19665527344,6.110415,6.389916
3361.20361328125,6.296826,6.371116
3371.2099609375,6.298084,6.467031
3381.21240234375,6.293473,6.480278
3391.21142578125,6.340356,6.470147
3401.21105957031,6.344446,6.433231
3411.21118164063,6.354985,6.402048
3421.23620605469,6.379717,6.39529
3431.24365234375,6.396659,6.378423
3441.25036621094,6.289532,6.384063
3451.25659179688,6.169249,6.403415
3461.25891113281,6.154873,6.407992
3471.25793457031,6.181051,6.41588
3481.25744628906,6.209523,6.43521
3491.25744628906,6.250103,6.460936
3501.26501464844,6.259054,6.46889
3511.27233886719,6.234674,6.481751
3521.27917480469,6.229653,6.494319
3531.28527832031,6.249964,6.51134
3541.28759765625,6.23085,6.519447
3551.28649902344,6.220357,6.53037
3561.28576660156,6.216109,6.534483
3571.28552246094,6.215416,6.535692
3581.29284667969,6.215083,6.535587
3591.30017089844,6.215148,6.535369
3601.30700683594,6.216262,6.535478
3611.31311035156,6.219131,6.535695
3621.31530761719,6.220378,6.53589
3631.31384277344,6.222466,6.537093
3641.31311035156,6.224825,6.538969
3651.31628417969,6.227755,6.540767
3661.32348632813,6.229825,6.541521
3671.33068847656,6.23143,6.542619
3681.33728027344,6.235975,6.544128
3691.34338378906,6.240619,6.544184
3701.34545898438,6.242336,6.543694
3711.34411621094,6.239758,6.549889
3721.34301757813,6.24017,6.553171
3731.34594726563,6.266754,6.555984
3741.35302734375,6.287981,6.559254
3751.36022949219,6.298387,6.560391
3761.36669921875,6.305543,6.562633
3771.37280273438,6.313916,6.563863
3781.37475585938,6.319805,6.564372
3791.37329101563,6.329541,6.566253
3801.3720703125,6.337213,6.569374
3811.37487792969,6.344845,6.577328
3821.3818359375,6.348868,6.585513
3831.38891601563,6.349853,6.598064
3841.39538574219,6.349275,6.607425
3851.4013671875,6.349127,6.61592
3861.40344238281,6.347696,6.629462
3871.40197753906,6.345472,6.638092
3881.40063476563,6.342288,6.643149
3891.4033203125,6.34093,6.647789
3901.41015625,6.340655,6.658732
3911.41711425781,6.340815,6.666617
3921.42370605469,6.341679,6.671482
3931.4296875,6.345251,6.674415
3941.431640625,6.35378,6.679595
3951.43005371094,6.361409,6.68327
3961.42858886719,6.367085,6.684325
3971.43127441406,6.367487,6.687335
3981.43774414063,6.367744,6.69239
3991.45678710938,6.372377,6.700068
4001.46325683594,6.375867,6.70747
4011.46911621094,6.379584,6.71038
4021.47094726563,6.383887,6.713146
4031.46923828125,6.387627,6.718401
4041.4677734375,6.39041,6.722705
4051.47021484375,6.393175,6.727075
4061.4765625,6.396808,6.733705
4071.48315429688,6.404381,6.740373
4081.48962402344,6.415215,6.746383
4091.49536132813,6.422232,6.749153
4101.49719238281,6.428051,6.752974
4111.49536132813,6.485243,6.757888
4131.49926757813,6.683735,6.760631
4141.50537109375,6.640908,6.747972
4151.51184082031,6.650738,6.807599
4161.51818847656,6.654764,6.826555
4171.52392578125,6.651603,6.8211
4181.52575683594,6.651272,6.813028
4191.52380371094,6.651247,6.813191
4201.52197265625,6.651517,6.81067
4211.52758789063,6.651967,6.802898
4221.53381347656,6.652239,6.788789
4231.54028320313,6.653568,6.78079
4241.54663085938,6.654765,6.776477
4251.55236816406,6.656189,6.771518
4261.55395507813,6.65725,6.766109
4271.55212402344,6.656659,6.76403
4281.55029296875,6.654099,6.76164
4291.5556640625,6.64729,6.761942
4301.5615234375,6.645582,6.758244
4311.56774902344,6.608308,6.753773
4321.57385253906,6.593152,6.745418
4331.58618164063,6.589207,6.746264
4341.59118652344,6.587968,6.749212
4351.58752441406,6.587286,6.755537
4361.58410644531,6.586173,6.758448
4371.58923339844,6.58281,6.758333
4381.59497070313,6.578757,6.750274
4391.60107421875,6.573447,6.74302
4401.60705566406,6.569054,6.73626
4411.61267089844,6.560287,6.730538
4421.61743164063,6.556302,6.726441
4431.61303710938,6.555554,6.725347
4441.60864257813,6.550137,6.721324
4451.61376953125,6.538739,6.715136
4461.619140625,6.528661,6.714512
4471.625,6.524344,6.71667
4481.63098144531,6.520436,6.718183
4491.63647460938,6.518731,6.721854
4501.64111328125,6.518741,6.723383
4511.63549804688,6.518845,6.722876
4521.63513183594,6.516803,6.721463
4531.63989257813,6.516728,6.720672
4541.64526367188,6.625422,6.836434
4551.65100097656,6.643912,6.814678
4581.67358398438,6.782193,6.869051
4591.66674804688,6.771874,6.908202
4601.66577148438,6.767928,7.038276
4611.67028808594,6.760224,7.057134
4621.67541503906,6.741253,6.614341
4631.68103027344,6.725636,6.45231
4641.68664550781,6.716051,6.389907
4651.69189453125,6.710251,6.398763
4661.69653320313,6.709982,6.413573
4671.68933105469,6.707394,6.208704
4681.68811035156,6.704693,6.205343
4691.69262695313,6.702195,6.209046
4701.69763183594,6.700871,6.216143
4711.70300292969,6.704933,6.217524
4721.70849609375,6.710949,6.22296
4731.71362304688,6.717438,6.236568
4741.71826171875,6.72531,6.248845
4751.71032714844,6.731776,6.26019
4761.70861816406,6.736696,6.267514
4771.71301269531,6.739637,6.271428
4781.71765136719,6.741178,6.27596
4791.72290039063,6.741511,6.280321
4801.72814941406,6.740942,6.28221
4811.73840332031,6.739366,6.283925
4821.74291992188,6.73298,6.284513
4831.73486328125,6.726088,6.284975
4841.73303222656,6.720847,6.286023
4851.73742675781,6.712748,6.285865
4861.74206542969,6.697488,6.185265
4871.74719238281,6.682312,6.155001
4881.75231933594,6.663462,6.148191
4891.75744628906,6.644413,6.145582
4901.76184082031,6.630581,6.140933
4911.75341796875,6.617571,6.136144
4921.75146484375,6.605568,6.128021
4931.75561523438,6.58937,6.12072
4941.76013183594,6.571692,6.10676
4951.76489257813,6.552985,6.089228
4961.77001953125,6.542664,6.079309
4971.77490234375,6.53217,6.071785
4981.779296875,6.520207,6.06412
4991.77062988281,6.505325,6.058133
5001.77478027344,6.493105,6.050285
5011.77893066406,6.480875,6.041081
5021.78308105469,6.474428,6.034207
5031.78796386719,6.466848,6.026972
5041.79284667969,6.453864,6.017607
5051.79772949219,6.444926,6.012071
5061.80224609375,6.435084,6.007503
5071.79309082031,6.42375,6.003103
5081.79711914063,6.41595,5.996143
5091.80102539063,6.410749,5.990238
5101.80529785156,6.407533,5.986952
5111.80981445313,6.405126,5.981906
5121.81457519531,6.402978,5.978444
5131.81921386719,6.39782,5.963219
5141.82360839844,6.39035,6.552939
5151.81384277344,6.385678,6.629932
5161.81762695313,6.379073,6.673063
5171.82165527344,6.375992,6.679955
5181.82556152344,6.375505,6.681688
5191.830078125,6.3752,6.684643
5201.83471679688,6.374075,6.684043
5211.83935546875,6.373555,6.681975
5221.84362792969,6.372977,6.682955
5231.83422851563,6.372088,6.689782
5241.83813476563,6.372106,6.687903
5251.84216308594,6.372408,6.68749
5261.84606933594,6.373935,6.690929
5271.8505859375,6.375846,6.692566
5281.85510253906,6.378071,6.69453
5291.85961914063,6.380857,6.675862
5301.86389160156,6.38372,6.673413
5311.86108398438,6.388002,6.678268
5321.86499023438,6.392254,6.711417
5331.86889648438,6.396436,6.712156
5341.87268066406,6.400155,6.712263
5351.876953125,6.40716,6.713293
5361.88146972656,6.413512,6.715914
5371.88562011719,6.418083,6.717246
5381.89331054688,6.421431,6.715908
5391.89709472656,6.426559,6.718893
5401.90075683594,6.434831,6.675235
5411.90441894531,6.440801,6.722163
5421.908203125,6.445518,6.665556
5431.912109375,6.449581,6.727359
5441.91638183594,6.452983,6.730305
5451.92053222656,6.455133,6.705599
5461.92468261719,6.45689,6.724364
5471.92834472656,6.457999,6.730415
5481.93200683594,6.45932,6.708351
5491.935546875,6.460344,6.696215
5501.93908691406,6.462441,6.689487
5511.94299316406,6.46845,6.748477
5521.94714355469,6.471424,6.75104
5531.95104980469,6.480323,7.520804
5541.95483398438,6.540514,7.319138
5551.95837402344,6.552376,6.708064
5561.9619140625,6.571422,6.720266
5571.96533203125,6.573911,6.762079
5581.96887207031,6.56763,6.743165
5591.97253417969,6.560541,6.730628
5601.97644042969,6.55778,6.729234
5611.98034667969,6.554705,6.727074
5621.98425292969,6.552372,6.725109
5631.98767089844,6.549204,6.724432
5641.99108886719,6.542328,6.339862
5651.99462890625,6.537677,6.303015
5661.99792480469,6.536849,6.300717
5672.00146484375,6.536035,6.300598
5682.00524902344,6.538065,6.300872
5692.00891113281,6.54159,6.300898
5702.01257324219,6.544693,6.300525
5712.01599121094,6.546884,6.299714
5722.01940917969,6.547538,6.296494
5732.02270507813,6.557753,6.294465
5782.04028320313,6.525801,6.010963
5792.04357910156,6.523413,6.085475
5802.04675292969,6.501919,6.064238
5812.05017089844,6.455355,6.086342
5852.06359863281,6.440451,5.927707
5862.06689453125,6.448647,5.964472
5872.07373046875,6.47673,5.979211
5882.07690429688,6.48399,6.00213
5892.080078125,6.489524,6.017658
5902.08325195313,6.500602,6.046368
5912.08642578125,6.505391,6.063158
5922.08996582031,6.507641,6.069291
5932.09326171875,6.508154,6.077658
5942.0966796875,6.503015,6.076519
5952.10339355469,6.498469,6.068134
5962.10656738281,6.498302,6.060213
5972.10961914063,6.498993,6.048052
5982.11267089844,6.499722,6.037403
5992.11584472656,6.498779,5.887825
6002.119140625,6.496147,5.976319
6012.12219238281,6.491613,5.868267
6022.12536621094,6.486522,5.930076
6032.13195800781,6.481069,5.849613
6042.13842773438,6.47473,5.832363
6052.14135742188,6.466036,5.820412
6062.14428710938,6.457449,5.960292
6072.14721679688,6.449515,5.829776
6082.150390625,6.439161,5.829165
6092.15344238281,6.431041,5.825187
6102.15649414063,6.423384,5.812496
6112.16284179688,6.414929,5.798772
6122.16589355469,6.403713,5.58181
6132.16882324219,6.393469,5.545877
6142.17163085938,6.383947,5.535506
6152.17443847656,6.375401,5.525952
6162.17736816406,6.367361,5.513381
6172.18029785156,6.359625,5.500672
6182.18310546875,6.345735,6.157317
6192.18933105469,6.341558,6.488712
6202.19226074219,6.340059,6.536996
6212.19506835938,6.34032,6.551281
6222.19787597656,6.340251,6.503026
6232.20068359375,6.339124,6.342492
6242.20349121094,6.339628,6.330229
6252.20629882813,6.339848,6.433
6262.21240234375,6.339865,6.426651
6272.22204589844,6.339962,6.332612
6282.22473144531,6.339787,6.558436
6292.22741699219,6.339806,6.341125
6302.22998046875,6.339976,6.47034
6312.23254394531,6.340589,6.544504
6322.23510742188,6.343499,6.273325
6332.23767089844,6.346665,6.526023
6342.24353027344,6.351744,6.514069
6352.24938964844,6.355741,6.468168
6362.251953125,6.35925,6.465176
6372.25451660156,6.365981,6.465536
6382.25708007813,6.374111,6.470886
6392.25952148438,6.378614,6.509681
6402.26208496094,6.38412,6.519835
6412.26452636719,6.406761,6.732434
6512.30871582031,6.431158,6.555029
6522.314453125,6.32086,6.42088
6532.31677246094,6.326365,6.413658
6542.31896972656,6.314715,6.436513
6552.32116699219,6.336603,6.48276
6562.32336425781,6.347586,6.494433
6572.32543945313,6.318294,6.47328
6582.3310546875,6.301048,6.430393
6592.34008789063,6.305393,6.427256
6602.34216308594,6.306393,6.425026
6612.34448242188,6.307035,6.425871
6622.3466796875,6.306971,6.42689
6632.34887695313,6.306638,6.42727
6642.35107421875,6.310536,6.425905
6652.35302734375,6.319376,6.427209
6662.35852050781,6.32648,6.441736
6672.3671875,6.32743,6.459579
6682.36938476563,6.328153,6.467691
6692.37158203125,6.328376,6.477827
6702.37353515625,6.328358,6.481552
6712.37573242188,6.321627,6.481396
6722.37780761719,6.398808,6.481651
6732.37963867188,6.330118,6.483994
6742.38830566406,6.321776,6.488091
6752.39697265625,6.334186,6.490168
6762.39892578125,6.254592,6.563858
6772.40100097656,6.180561,6.416495
6782.40307617188,6.172993,6.414258
6792.40502929688,6.172727,6.441007
6802.40698242188,6.170424,6.442898
6812.40881347656,6.161533,6.444326
6822.41735839844,6.144673,6.449184
6832.42590332031,6.124408,6.459953
6842.427734375,6.105399,6.472607
6852.42980957031,6.098176,6.480095
6862.431640625,6.092777,6.486652
6872.43359375,6.088554,6.492584
6882.435546875,6.083778,6.495234
6892.43713378906,6.081592,6.49898
6902.44567871094,6.076869,6.498857
6912.45397949219,6.067413,6.498379
6922.45556640625,6.090102,6.500874
6932.45751953125,6.106995,6.500688
6942.45935058594,6.113727,6.502053
6952.46130371094,6.121981,6.508862
6962.46301269531,6.130524,6.512897
6972.46447753906,6.074733,6.620399
6982.47277832031,6.297285,6.554844
6992.48107910156,6.087463,6.630122
7012.484375,6.042524,6.660658
7022.486328125,6.094642,6.639168
7032.48815917969,6.132702,6.611856
7042.48999023438,6.146718,6.608155
7052.49145507813,6.161294,6.594876
7062.49963378906,6.166689,6.603931
7072.5078125,6.16916,6.614442
7082.50927734375,6.177591,6.621002
7092.51452636719,6.187036,6.623834
7102.51611328125,6.18715,6.623063
7112.51794433594,6.196312,6.625631
7122.51977539063,6.256167,6.629803
7132.52453613281,6.272244,6.636062
7142.53259277344,6.272398,6.64351
7152.54052734375,6.245168,6.659832
7162.54174804688,6.260059,6.672192
7172.54345703125,6.261435,6.682413
7182.54504394531,6.261095,6.685011
7192.54663085938,6.260714,6.684938
7202.54833984375,6.260571,6.688907
7212.55297851563,6.260923,6.691634
7222.56079101563,6.263387,6.69195
7232.56860351563,6.266247,6.692627
7242.56970214844,6.267548,6.694168
7252.57104492188,6.269997,6.702277
7262.57263183594,6.275273,6.705803
7272.57409667969,6.280237,6.70673
7282.57568359375,6.285316,6.706685
7292.58032226563,6.29199,6.706344
7302.58813476563,6.295671,6.705716
7312.59582519531,6.297124,6.705885
7322.5966796875,6.298079,6.705631
7332.59814453125,6.299038,6.705615
7342.599609375,6.299434,6.705095
7352.60107421875,6.30004,6.702628
7362.60241699219,6.300503,6.701842
7372.60717773438,6.300746,6.699371
7382.61474609375,6.30053,6.695432
7392.62231445313,6.26979,6.691039
7402.623046875,6.251885,6.688115
7412.62438964844,6.247883,6.683936
7422.62573242188,6.24674,6.68096
7432.62719726563,6.246507,6.678692
7442.62854003906,6.246584,6.676949
7452.63317871094,6.247229,6.67561
7462.64086914063,6.24834,6.673838
7472.64831542969,6.249573,6.671197
7482.65234375,6.252037,6.671146
7492.65356445313,6.255558,6.67068
7502.65490722656,6.259185,6.66841
7512.65637207031,6.261451,6.66696
7522.65759277344,6.264817,6.664701
7532.662109375,6.268191,6.662188
7542.66955566406,6.270064,6.658627
7552.6767578125,6.273879,6.656209
7562.68078613281,6.278809,6.656102
7572.681640625,6.283036,6.654821
7582.68286132813,6.28773,6.65389
7592.68762207031,6.29137,6.653258
7602.68884277344,6.29605,6.650869
7612.69665527344,6.300395,6.649836
7622.70397949219,6.302055,6.649811
7632.71105957031,6.303752,6.650326
7642.71496582031,6.306188,6.651253
7652.71569824219,6.308889,6.65276
7662.72033691406,6.312898,6.65481
7672.72143554688,6.316624,6.656759
7682.72265625,6.321028,6.658064
7692.73034667969,6.324226,6.660261
7702.73742675781,6.329144,6.662466
7712.74438476563,6.332177,6.66263
7722.74792480469,6.335403,6.662129
7732.74853515625,6.338502,6.661289
7742.74938964844,6.34234,6.661047
7752.75036621094,6.347198,6.661014
7762.75146484375,6.350502,6.660666
7772.75915527344,6.352864,6.6608
7782.76623535156,6.355097,6.661526
7792.77307128906,6.35721,6.662557
7802.77648925781,6.358895,6.665057
7812.77685546875,6.360332,6.672016
7822.77783203125,6.361198,6.67765
7832.77868652344,6.362414,6.680393
7842.77954101563,6.364672,6.682836
7852.78723144531,6.36772,6.68765
7862.79431152344,6.373522,6.695402
7872.80102539063,6.376518,6.699348
7882.80419921875,6.379291,6.702016
7892.80432128906,6.383363,6.705502
7902.80834960938,6.385949,6.708525
7912.80932617188,6.386939,6.711515
7922.81005859375,6.388842,6.713626
7932.81762695313,6.391403,6.716185
7942.82470703125,6.395821,6.720941
7952.83117675781,6.399799,6.728103
7962.83422851563,6.402547,6.731906
7972.83435058594,6.404418,6.733738
7982.83520507813,6.405457,6.736483
7992.8359375,6.407001,6.73856
8002.84008789063,6.411905,6.739459
8012.84765625,6.418686,6.7405
8022.85473632813,6.421388,6.741342
8032.86108398438,6.426263,6.743049
8042.86389160156,6.431017,6.747182
8052.86376953125,6.433971,6.751076
8062.86437988281,6.437581,6.754328
8072.86499023438,6.439874,6.756882
8082.869140625,6.440822,6.761392
8092.87658691406,6.442157,6.764789
8102.88342285156,6.444406,6.769979
8112.88977050781,6.446551,6.772671
8122.892578125,6.448685,6.774102
8132.89233398438,6.449499,6.777876
8142.89270019531,6.449662,6.780309
8152.89331054688,6.45019,6.780258
8162.8974609375,6.452014,6.779191
8172.90490722656,6.453769,6.776214
8182.91186523438,6.455123,6.772154
8192.91809082031,6.456302,6.770184
8202.92065429688,6.457217,6.770236
8212.92028808594,6.45906,6.772079
8222.92041015625,6.46123,6.774461
8232.92102050781,6.462418,6.775853
8242.92504882813,6.462672,6.776227
8252.93237304688,6.462836,6.777352
8262.93920898438,6.46283,6.778831
8272.9453125,6.463329,6.780221
8282.94787597656,6.463805,6.784259
8292.94738769531,6.464403,6.789244
8302.94738769531,6.465229,6.791511
8312.94787597656,6.466578,6.793698
8322.95178222656,6.467938,6.794991
8332.95910644531,6.468555,6.797006
8342.96569824219,6.468633,6.798244
8352.97180175781,6.468439,6.798994
8362.97412109375,6.46771,6.799104
8372.97351074219,6.466877,6.799458
8382.97326660156,6.465703,6.799979
8392.9736328125,6.464891,6.802155
8402.9775390625,6.464503,6.803345
8412.98461914063,6.463917,6.804013
8422.99133300781,6.463643,6.805749
8432.99731445313,6.463749,6.808236
8443.0029296875,6.464071,6.810223
8453.00219726563,6.464892,6.811575
8463.00183105469,6.46567,6.812146
8473.00549316406,6.466304,6.812375
8483.0126953125,6.466643,6.8144
8493.01977539063,6.466837,6.815383
8503.02624511719,6.466987,6.816352
8513.0322265625,6.467125,6.81738
8523.03771972656,6.467168,6.818212
8533.03662109375,6.467203,6.818871
8543.0361328125,6.467197,6.819732
8553.0361328125,6.467246,6.820014
8563.04309082031,6.467361,6.821667
8573.05017089844,6.467727,6.824048
8583.05676269531,6.468181,6.825246
8593.06262207031,6.468749,6.825579
8603.06799316406,6.469572,6.826193
8613.06665039063,6.470776,6.82675
8623.06604003906,6.472134,6.827615
8633.06579589844,6.475404,6.827828
8643.07287597656,6.477081,6.827796
8653.07971191406,6.478105,6.828117
8663.08618164063,6.478418,6.82865
8673.09191894531,6.478952,6.828813
8683.09716796875,6.479916,6.829122
8693.09558105469,6.481354,6.829136
8703.0947265625,6.482862,6.830222
8713.09448242188,6.484473,6.833734
8723.10131835938,6.485566,6.839163
8733.10815429688,6.602153,6.839168
8743.11450195313,6.637216,6.815948
8753.12023925781,6.723067,6.840977
8773.12390136719,6.758131,6.91742
8783.12292480469,6.768325,6.915143
8793.12243652344,6.772391,6.910289
8803.14404296875,6.77384,6.904713
8813.15075683594,6.774354,6.898715
8823.15710449219,6.774541,6.897467
8833.16284179688,6.774776,6.896798
8843.16796875,6.775698,6.895566
8853.16625976563,6.776645,6.894974
8863.1650390625,6.777598,6.895146
8873.16784667969,6.777736,6.895073
8883.17456054688,6.777802,6.896103
8893.18127441406,6.777726,6.897555
8903.18737792969,6.777056,6.897754
8913.19287109375,6.776291,6.897347
8923.19787597656,6.774564,6.896948
8933.19592285156,6.772569,6.899993
8943.19458007813,6.770372,6.904237
8953.197265625,6.767958,6.904891
8963.20373535156,6.764554,6.903571
8973.21032714844,6.762084,6.894778
8983.21643066406,6.758603,6.888545
8993.22192382813,6.754832,6.885335
9003.22692871094,6.751165,6.884158
9013.22485351563,6.747151,6.883481
9023.22338867188,6.744163,6.882932
9033.22595214844,6.740109,6.883224
9043.232421875,6.735168,6.883447
9053.23901367188,6.731859,6.88381
9063.24499511719,6.729653,6.885391
9073.25048828125,6.727277,6.892527
9083.25549316406,6.724904,6.894686
9093.25317382813,6.723988,6.893016
9103.25158691406,6.723426,6.890551
9113.25366210938,6.722268,6.888656
9123.26013183594,6.71886,6.886022
9133.26635742188,6.714746,6.882841
9143.27258300781,6.712093,6.879733
9153.27795410156,6.707319,6.8772
9163.28271484375,6.703137,6.874691
9173.2802734375,6.698694,6.872885
9183.27856445313,6.694631,6.870862
9193.28076171875,6.691665,6.868722
9203.28698730469,6.689043,6.867164
9213.29333496094,6.687848,6.866589
9223.29943847656,6.685053,6.866571
9233.30493164063,6.673615,6.867181
9243.30969238281,6.670377,6.867917
9253.30639648438,6.669345,6.867813
9263.30444335938,6.674579,6.867815
9273.30639648438,6.838359,6.866281
9283.3125,6.839835,6.863904
9293.31872558594,6.839995,6.864185
9303.3349609375,6.839608,6.874635
9313.34020996094,6.836047,6.889645
9323.34497070313,6.835163,6.896431
9333.33996582031,6.832987,6.901521
9343.337890625,6.831309,6.906227
9353.34326171875,6.831756,6.909275
9363.34924316406,6.839466,6.909991
9373.36645507813,6.843026,6.90992
9383.37231445313,6.843366,6.909098
9393.37756347656,6.841153,6.910837
9403.38232421875,6.840673,6.930086
9413.38122558594,6.840859,6.935122
9423.37768554688,6.841248,6.936714
9433.3828125,6.845585,6.936999
9443.38830566406,6.8478,6.936903
9453.39440917969,6.848286,6.938688
9463.40014648438,6.848431,6.939191
9473.40539550781,6.848748,6.939989
9483.41003417969,6.849395,6.941042
9493.408203125,6.849733,6.941915
9503.40344238281,6.852283,6.942446
9513.40844726563,6.855625,6.942467
9523.41394042969,6.856743,6.939626
9533.41979980469,6.857112,6.937128
9543.42553710938,6.857276,6.935732
9553.43054199219,6.857255,6.935712
9563.43505859375,6.857125,6.935844
9573.43310546875,6.858769,6.936221
9583.42687988281,6.860291,6.936838
9593.431640625,6.862056,6.937522
9603.43701171875,6.862635,6.941431
9613.45239257813,6.665449,6.944598
9623.4580078125,6.660684,6.948932
9633.46301269531,6.660785,6.951384
9643.46740722656,6.672816,6.952761
9653.46496582031,6.685066,6.952769
9663.45751953125,6.69077,6.952932
9673.46203613281,6.618416,6.953992
9683.46728515625,6.598405,6.956908
9693.47302246094,6.598834,6.958707
9703.47863769531,6.600909,6.959513
9713.48364257813,6.606487,6.962493
9723.48791503906,6.611579,6.965444
9733.48510742188,6.617028,6.970255
9743.48254394531,6.619807,6.974963
9753.48693847656,6.622671,6.975304
9763.49182128906,6.624473,6.975959
9773.49731445313,6.632005,6.978423
9783.50268554688,6.640135,6.9816
9793.50769042969,6.648411,6.982482
9803.51184082031,6.654858,6.983105
9813.50866699219,6.655671,6.986745
9823.50561523438,6.70893,6.990533
9833.50988769531,6.732393,6.993746
9843.5146484375,6.740027,6.997172
9853.51989746094,6.677481,6.998513
9863.52526855469,6.659801,7.000058
9873.53015136719,6.653739,7.005428
9883.53442382813,6.651651,7.008093
9893.53088378906,6.653197,7.011722
9903.52734375,6.670112,7.014979
9913.53149414063,6.671185,7.017259
9923.53588867188,6.670376,7.021642
9933.541015625,6.668097,7.023857
9943.54626464844,6.666359,7.026072
9953.55102539063,6.666031,7.027077
9963.55529785156,6.663835,7.027006
9973.55151367188,6.662348,7.027052
9983.5478515625,6.658449,7.027012
9993.5517578125,6.656265,7.027053
10003.5562744141,6.642328,7.02743
10013.5612792969,6.642203,7.028362
10023.56640625,6.642162,7.028481
10033.5711669922,6.646165,7.027694
10043.5751953125,6.63412,7.026237
10053.5712890625,6.6403,7.025785
10063.5673828125,6.641711,7.025729
10073.5711669922,6.64648,7.026904
10083.5753173828,6.647741,7.028751
10093.580078125,6.647873,7.029277
10103.5921630859,6.653764,7.029578
10113.5968017578,6.654969,7.030047
10123.6008300781,6.648833,7.030352
10133.5966796875,6.671376,7.031908
10143.5926513672,6.67608,7.033886
10153.5961914063,6.662409,7.034469
10163.6004638672,6.651928,7.034952
10173.6052246094,6.648524,7.034142
10183.6169433594,6.65094,7.035923
10193.6215820313,6.652658,7.037467
10203.6254882813,6.655743,7.037761
10213.62109375,6.641032,7.037176
10223.6243896484,6.642387,7.035632
10233.6278076172,6.641205,7.032304
10243.6317138672,6.634987,7.027531
10253.6362304688,6.626981,7.026386
10263.6408691406,6.622944,7.025309
10273.6453857422,6.620617,7.025063
10283.6491699219,6.61774,7.026414
10293.6441650391,6.615111,7.02835
10303.6473388672,6.611372,7.028378
10313.6506347656,6.609049,7.028727
10323.654296875,6.602484,7.028914
10333.6585693359,6.593562,7.029641
10343.6633300781,6.587957,7.029788
10353.6676025391,6.584969,7.029953
10363.6715087891,6.584684,7.02922
10373.6748046875,6.582788,7.027075
10383.6778564453,6.581594,7.025159
10393.6811523438,6.580634,7.02546
10403.6845703125,6.579578,7.025819
10413.6885986328,6.578425,7.026109
10423.6931152344,6.576287,7.026392
10433.6973876953,6.57484,7.026434
10443.7010498047,6.613829,7.025989
10453.7042236328,6.619475,7.024608
10463.7071533203,6.594836,7.024225
10473.7102050781,6.601119,7.024357
10483.7136230469,6.586487,7.024629
10493.7174072266,6.600163,7.024494
10503.7216796875,6.601386,7.024038
10513.7259521484,6.61294,7.023529
10523.7296142578,6.590611,7.023309
10533.7326660156,6.58441,7.023065
10543.7355957031,6.582772,7.022098
10553.7385253906,6.582285,7.022123
10563.7419433594,6.583036,7.022178
10573.7456054688,6.584585,7.023696
10583.7498779297,6.585262,7.026184
10593.75390625,6.586022,7.028778
10603.7576904297,6.58566,7.029335
10613.7640380859,6.585592,7.029532
10623.7669677734,6.586378,7.029864
10633.7697753906,6.587156,7.03004
10643.7728271484,6.588741,7.030435
10653.7763671875,6.589674,7.030631
10663.7803955078,6.591494,7.03154
10673.7844238281,6.593295,7.031363
10683.7879638672,6.594508,7.031374
10693.7944335938,6.596452,7.032018
10703.7971191406,6.598143,7.032419
10713.7999267578,6.601804,7.032566
10723.802734375,6.605072,7.032555
10733.8061523438,6.609945,7.031891
10743.8099365234,6.615088,7.030337
10753.8173828125,6.620379,7.029385
10763.8209228516,6.625789,7.028472
10773.8271484375,6.632378,7.029395
10783.8297119141,6.638931,7.035571
10793.8323974609,6.673886,7.043608
10803.8349609375,6.668427,7.045035
10813.8381347656,6.665309,7.04471
10823.8419189453,6.663767,7.043385
10833.8454589844,6.663072,7.039076
10843.8488769531,6.663491,7.034869
10853.8551025391,6.663751,7.030936
10863.8576660156,6.665973,7.028101
10873.8602294922,6.669494,7.027089
10883.8626708984,6.672848,7.02666
10893.8658447266,6.675525,7.026084
10903.8692626953,6.675982,7.024639
10913.8728027344,6.676277,7.023232
10923.8763427734,6.676353,7.019789
10933.8824462891,6.676327,7.016324
10943.8850097656,6.676058,7.016518
10953.8875732422,6.675386,7.017797
10963.8900146484,6.674871,7.023145
10973.8929443359,6.675843,7.029099
10983.8963623047,6.677869,7.031415
10993.8999023438,6.680245,7.031731
11003.9033203125,6.682259,7.031264
11013.9436035156,6.683462,7.029191
11023.9461669922,6.684693,7.021049
11033.9486083984,6.685399,7.020843
11043.9510498047,6.685491,7.022123
11053.9538574219,6.685619,7.023728
11063.9571533203,6.685902,7.024494
11073.9606933594,6.687294,7.026113
11083.9638671875,6.68829,7.026688
11093.9735107422,6.688925,7.027009
11103.9758300781,6.688974,7.027437
11113.9781494141,6.688251,7.027317
11123.9805908203,6.68483,7.02726
11133.9831542969,6.682344,7.027108
11143.9860839844,6.679952,7.026065
11153.9893798828,6.676003,7.02543
11163.9924316406,6.672623,7.024339
11174.0018310547,6.668142,7.023593
11184.0041503906,6.665411,7.022895
11194.0063476563,6.663481,7.020897
11204.0086669922,6.659896,7.020127
11214.0111083984,6.652864,7.020455
11224.0140380859,6.650044,7.020469
11234.0170898438,6.645864,7.019014
11244.0201416016,6.641873,7.019019
11254.0296630859,6.640578,7.017033
11264.0318603516,6.63967,7.014764
11274.0339355469,6.639488,7.011789
11284.0361328125,6.639408,7.010896
11294.0383300781,6.639257,7.010312
11304.0411376953,6.63931,7.009474
11314.0440673828,6.639222,7.006762
11324.046875,6.645015,7.00517
11334.0562744141,6.692974,6.990494
11344.0584716797,6.703396,6.97094
11354.0606689453,6.718649,6.953217
11364.0626220703,6.726493,6.949949
11374.0649414063,6.729316,6.948946
11384.0676269531,6.727918,6.946419
11394.0704345703,6.722642,6.941663
11404.0732421875,6.718175,6.939922
11414.0827636719,6.716161,6.940712
11424.0848388672,6.713784,6.940869
11434.0869140625,6.726103,6.9409
11444.0888671875,6.73602,6.938857
11454.0909423828,6.739535,6.936761
11464.0933837891,6.741809,6.935887
11474.0960693359,6.742937,6.934506
11484.1020507813,6.742754,6.933336
11494.111328125,6.739938,6.928263
11504.1134033203,6.72966,6.927109
11514.115234375,6.719749,6.927805
11524.1171875,6.716918,6.928029
11534.1192626953,6.690662,6.924416
11544.1215820313,6.684533,6.923789
11554.1242675781,6.700531,6.922785
11564.1302490234,6.700029,6.924119
11574.1396484375,6.70831,6.9301
11584.1450195313,6.712562,6.931455
11594.1467285156,6.716425,6.931378
11604.1486816406,6.718085,6.935204
11614.1505126953,6.73371,7.013424
11624.1527099609,6.847178,6.99498
11634.1549072266,6.785424,6.969157
11644.1608886719,6.884811,6.987785
11654.169921875,6.888454,7.005399
11664.1750488281,6.885391,7.01933
11674.1767578125,6.877506,7.003104
11684.1783447266,6.873393,6.981129
11694.1800537109,6.870527,6.975403
11704.1821289063,6.866199,6.967447
11714.1843261719,6.857252,6.954367
11724.1900634766,6.848196,6.942167
11734.1989746094,6.843618,6.940056
11744.2041015625,6.842018,6.940084
11754.2058105469,6.841228,6.991316
